id	class	name_en	name_de	long_name_en	long_name_de	lat	lon	location	description_en	description_de	founded	url	logo	wp_entity_tag_id_en	wp_entity_tag_id_de	links	notes
ACCOBAMS	InternationalForum	ACCOBAMS	ACCOBAMS	Agreement on the Conservation of Cetaceans in the Black Sea, Mediterranean Sea and contiguous Atlantic Area	Abkommen zur Erhaltung der Wale und Delfine im Schwarzen Meer, im Mittelmeer und im angrenzenden Atlantik	43.73090	7.41650	Secretariat in Monaco	Since 2004, OceanCare has been a partner organisation of the Agreement on the Conservation of Cetaceans in the Black Sea, Mediterranean Sea and contiguous Atlantic Area (ACCOBAMS), contributing its expertise in the areas of species conservation, underwater noise, plastic pollution and bycatch.	Seit 2004 ist OceanCare Partnerorganisation des Abkommens zur Erhaltung der Wale und Delfine im Schwarzen Meer, im Mittelmeer und im angrenzenden Atlantik (ACCOBAMS) und bringt ihre Expertise in den Bereichen Artenschutz, Unterwasserlärm, Plastikverschmutzung und Beifang ein.						AdvocacyWork, AnimalAndSpeciesConservation, ClimateProtection, DolphinsAndSmallCetaceans, EasternMediterraneanSea, FossilFuels, OceanConservation, OceanNoisePollution, Orcas, PlasticPollution, SAVEWhales, Shipping, WesternMediterraneanSea, Whales	
ASCOBANS	InternationalForum	ASCOBANS	ASCOBANS	Agreement on the Conservation of Small Cetaceans of the Baltic, North East Atlantic, Irish and North Seas	Abkommen zur Erhaltung der Kleinwale der Ostsee, des Nordostatlantiks sowie der Irischen See und der Nordsee	50.71938	7.12599	Secretariat, UN Campus, Bonn, Germany	The Agreement on the Conservation of Small Cetaceans of the Baltic, North East Atlantic, Irish and North Seas (ASCOBANS) aims to promote close international cooperation among nations to achieve and maintain a favourable conservation status for small whales, dolphins, and porpoises. OceanCare contributes its expertise in the areas of species conservation, climate change impacts, animal welfare, the protection of marine habitats, and marine pollution.	Das Abkommen zur Erhaltung der Kleinwale der Ostsee, des Nordostatlantiks sowie der Irischen See und der Nordsee (ASCOBANS) fördert die enge internationale Zusammenarbeit zwischen den Vertragsstaaten, um einen günstigen Erhaltungszustand von Kleinwalen, Delfinen und Schweinswalen zu erreichen und langfristig zu sichern. OceanCare bringt ihre Expertise in den Bereichen Artenschutz, Auswirkungen des Klimawandels, Tierwohl, Schutz mariner Lebensräume und Meeresverschmutzung ein.						AdvocacyWork, AnimalAndSpeciesConservation, BalticSea, Whales	
AbidjanConvention	InternationalForum	Abidjan Convention	Abidjan-Konvention			5.36756	-3.98766	Headquartered Abidjan, Côte d'Ivoire	Since 2017, OceanCare has been involved in the Conference of the Parties to the Abidjan Convention, which addresses the state of the seas and coastal areas in West, Central and Southern Africa, as well as the protection of endangered marine animals from poaching	Seit 2017 engagiert sich OceanCare an Vertragsstaatenkonferenzen der Abidjan-Konvention, die sich um den Zustand der Meere und Küstengebiete in West-, Zentral- und Südafrika sowie um den Schutz gefährdeter Meerestiere vor Wilderei kümmert.						AdvocacyWork, AnimalAndSpeciesConservation, AquaticWildMeat, Benin, DolphinsAndSmallCetaceans, Fisheries, Hunting, Manatees, SeaTurtles, Sharks	
BBNJ	InternationalForum	BBNJ Agreement	BBNJ-Abkommen		Hochseeschutzabkommen	40.74944	-73.96806	UN Headquarter, NY - ad interim	OceanCare has been monitoring the development of the BBNJ Agreement since 2007, actively supported the intergovernmental negotiations from 2018 to 2023, and has consistently advocated for its rapid ratification and implementation following the adoption of the treaty text.	OceanCare verfolgt den Entstehungsprozess des BBNJ-Abkommens seit 2007, begleitete die zwischenstaatlichen Verhandlungen von 2018 bis 2023 aktiv und setzte sich nach der Verabschiedung des Vertragstextes konsequent für eine rasche Ratifizierung und Implementierung des Abkommens ein.						AdvocacyWork, AnimalAndSpeciesConservation, HSA, OceanConservation, OceanNoisePollution, PlasticPollution, SeasAtRisk	
CBD	InternationalForum	CBD	CBD	Convention on Biological Diversity	Übereinkommen über die biologische Vielfalt	45.50178	-73.56021	Secretariat, Montreal, Canada	In 2021, OceanCare was granted observer status at the UN Convention on Biological Diversity and now contributes its expertise on various topics to the CBD and its global action plan, the Kunming-Montreal Global Biodiversity Framework.	2021 erlangte OceanCare Beobachterstatus beim UN-Übereinkommen über die biologische Vielfalt und kann ihre Expertise zu diversen Themen bei CBD sowie dessen globalem Aktionsplan, dem Kunming-Montreal Global Biodiversity Framework, einbringen.						AnimalAndSpeciesConservation, DolphinsAndSmallCetaceans, Fish, Manatees, OceanNoisePollution, PolarBears, SeaTurtles, Seals, Sharks, Whales	
CMSBonnConvention	InternationalForum	CMS/Bonn Convention	CMS/Bonn Convention	Convention on the Conservation of Migratory Species of Wild Animals	Übereinkommen zur Erhaltung der wandernden wild lebenden Tierarten	50.71938	7.12599	UN Campus, Bonn, Germany	CMS is part of the UN Environment Programme and is dedicated to the conservation of migratory wildlife. OceanCare has been a partner organisation since 2016 and is committed to the protection of marine animals and the marine environment.	CMS ist Teil des Umweltprogramms der Vereinten Nationen und widmet sich dem Schutz wandernder wildlebender Tierarten. OceanCare ist seit 2016 Partnerorganisation und setzt sich für den Schutz der Meerestiere und des Lebensraums Meer ein.	2016					AnimalAndSpeciesConservation, AquaticWildMeat, DolphinsAndSmallCetaceans, Fish, Hunting, OceanNoisePollution, SeaTurtles, Sharks, Whales	
EUCommission	InternationalForum	EU Commission	EU-Kommission			50.84361	4.38278	Brussels, Belgium	Since 2014, OceanCare has been a member of the Marine Strategy Coordination Group and of the working group responsible for implementing the new Marine Strategy Framework Directive (MSFD), which requires European coastal states to improve the health of the marine environment within their territorial waters. Dr Lindy Weilgart and Nicolas Entrup are members of the EU’s technical working group on underwater noise.	OceanCare ist seit 2014 Mitglied der Koordinierungsgruppe für die Meeresstrategie (MSCG) und der Arbeitsgruppe für die Implementierung der neuen Meeresstrategie-Rahmenrichtlinie (MSRL), die europäische Meeresanrainerstaaten dazu verpflichtet, in ihren Hoheitsgewässern den Zustand der Meereswelt zu verbessern. In der technischen EU-Arbeitsgruppe zu Unterwasserlärm arbeiten Dr. Lindy Weilgart und Nicolas Entrup mit.						AdvocacyWork, AnimalAndSpeciesConservation, ClimateProtection, DeepSeaMining, DolphinsAndSmallCetaceans, Fish, Fisheries, FossilFuels, Hunting, OceanConservation, OceanNoisePollution, PlasticPollution, Shipping, Whales	
FAOCOFI	InternationalForum	FAO/COFI	FAO/COFI	Committee on Fisheries of the Food and Agriculture Organization	Fischereiausschuss der Welternährungsorganisation der Vereinten Nationen	41.88395	12.48332	FAO Headquarters, Rome, Italy	As part of the International Ocean Noise Coalition, OceanCare has been drawing attention to serious risks to fish within the Committee on Fisheries (COFI) of the Food and Agriculture Organisation (FAO) since 2009, and is working, amongst other things, to ensure that the socio-economic impacts of marine noise pollution on fish and fisheries are investigated.	Im Rahmen der International Ocean Noise Coalition verweist OceanCare seit 2009 im Fischereiausschuss (COFI) der Welternährungsorganisation (FAO) auf schwerwiegende Gefahren für Fische und wirkt unter anderem darauf hin, dass die sozioökonomischen Auswirkungen der Lärmverschmutzung der Meere auf Fischbestände und auf die Fischerei untersucht werden.						AdvocacyWork, AnimalAndSpeciesConservation, Fish, Fisheries	
FAOGFCM	InternationalForum	FAO/GFCM	FAO/GFCM	General Fisheries Commission for the Mediterranean of the Food and Agriculture Organization	Allgemeine Kommission für die Fischerei im Mittelmeer der Welternährungsorganisation der Vereinten Nationen	41.88395	12.48332	FAO Headquarters, Rome, Italy	Since 2016, OceanCare has been a partner organisation of the General Fisheries Commission for the Mediterranean (GFCM) of the Food and Agriculture Organization (FAO) and contributes its expertise in the areas of underwater noise, bycatch, plastic pollution, illegal fishing activities and ocean governance.	Seit 2016 ist OceanCare Partnerorganisation der Allgemeine Kommission für die Fischerei im Mittelmeer (GFCM) der Welternährungsorganisation (FAO) und bringt ihre Expertise in den Bereichen Unter­wasserlärm, Beifang, Plastikverschmutzung sowie zu illegalen Fischereiaktivitäten und Meeresgovernance ein.	2016					AdvocacyWork, AnimalAndSpeciesConservation, Fish, Fisheries, OceanNoisePollution, PlasticPollution	
IMO	InternationalForum	IMO	IMO	International Maritime Organization	Internationale Seeschifffahrts-Organisation	51.49075	-0.12457	Secretariat in London, UK	Bitte Text ergänzen	Bitte Text ergänzen						AdvocacyWork, AnimalAndSpeciesConservation, ChemicalPollution, ClimateProtection, FossilFuels, OceanNoisePollution, Shipping, Whales	Description reads 'Bitte Text ergaenzen' in both languages.
ISA	InternationalForum	ISA	ISA	International Seabed Authority	Internationale Meeresbodenbehörde	17.96477	-76.79171	Secretariat in Kingston, Jamaica	In 2021, OceanCare was accredited as an observer organisation by the International Seabed Authority (ISA). The ISA manages the mineral resources of the seabed as the heritage of mankind and is the main point of contact for matters relating to deep-sea mining.	2021 wurde OceanCare von der Internationalen Meeresbodenbehörde (ISA) als Beobachterorganisation akkreditiert. Die ISA verwaltet die Bodenschätze als Erbe der Menschheit und ist die wichtigste Anlaufstelle bezüglich Tiefseebergbau.						AdvocacyWork, AnimalAndSpeciesConservation, ClimateProtection, DSCC, DeepSeaMining, OceanConservation, OceanNoisePollution	
IWC	InternationalForum	IWC	IWC	International Whaling Commission	Internationale Walfangkommission	52.24864	0.10693	Secretariat in Cambridge, UK	OceanCare has been advocating for the protection of whales at the meetings of the International Whaling Commission (IWC) since 1992. The organisation engaged in improving transparency and NGO participation at IWC and adresses environmental threats to whales. As an observer, OceanCare supports the IWC small cetacean and bycatch working groups and the strandings response network.	Seit 1992 setzt sich OceanCare an den Tagungen der Internationalen Walfangkommission (IWC) für den Schutz der Wale ein. Die Organisation engagierte sich für mehr Transparenz innerhalb der IWC sowie für die Beteiligung von NGOs und adressiert Umweltgefahren, denen die Wale ausgesetzt sind. Als Beobachterorganisation unterstützt OceanCare die IWC-Arbeitsgruppen für Kleinwale und zur Verhinderung von Beifang sowie das Strandungsnetzwerk.	1992					AdvocacyWork, AnimalAndSpeciesConservation, DolphinsAndSmallCetaceans, Hunting, Iceland, Japan, Norway, ScientificResearch, Whales	
LondonConvention	InternationalForum	LC/LP	LC/LP	London Convention & Protocol	Londoner Übereinkommen und Londoner Protokoll	51.49075	-0.12457	Secretariat at IMO, London, UK	The London Convention and its 1996 Protocol regulate the dumping of wastes and other matter at sea. The Protocol, which entered into force in 2006, modernised and strengthened the original Convention. OceanCare was admitted as an observer to the London Convention and London Protocol meetings in 2024	Das Londoner Übereinkommen und das dazugehörige Protokoll von 1996 regeln die Einbringung von Abfällen und anderen Stoffen ins Meer. Das 2006 in Kraft getretene Protokoll modernisierte und stärkte das ursprüngliche Übereinkommen. OceanCare wurde 2024 als Beobachterorganisation zu den Treffen des Londoner Übereinkommens und des Londoner Protokolls zugelassen.						Geoengineering	
UNCLOS	InternationalForum	UNCLOS	UNCLOS	United Nations Convention on the Law of the Sea	UN-Seerechtsabkommens	40.74944	-73.96806	UN Headquarter, NY	OceanCare has been participating in the Informal Consultative Process (ICP) meetings of the United Nations Convention on the Law of the Sea (UNCLOS) since 2004, raising awareness of the multiple threats to the ocean and emerging challenges in marine conservation.	OceanCare nimmt seit 2004 am informellen Konsultationsprozess der Vereinten Nationen über das Seerecht (United Nations Convention on the Law of the Sea, UNCLOS) teil und sensibilisiert für multiple Gefahren für die Meere und für sich anbahnende Herausforderungen im Meeresschutz.							
UNECOSOC	InternationalForum	UN ECOSOC	UN ECOSOC	United Nations Economic and Social Council	Wirtschafts- und Sozialrat der Vereinten Nationen	40.74944	-73.96806	UN Headquarter, NY	Since 2011, the United Nations Economic and Social Council (ECOSOC) has granted OceanCare Special Consultative Status on marine issues. This status gives OceanCare the opportunity to participate in UN processes and to speak in UN bodies on key aspects on oceans and the law of the sea.	Seit 2011 anerkennt der Wirtschafts- und Sozialrat der Vereinten Nationen (ECOSOC) OceanCare als Organisation mit Sonderberaterstatus für Meeresfragen. Der Status eröffnet die Möglichkeit, an UN-Prozessen teilzunehmen und in UN-Gremien zu wichtigen Aspekten des Seerechts zu sprechen.	2011					OceanCare	New. Carries the UN Special Consultative Status note that used to sit on a generic 'United Nations' pin, now removed.
UNEPGPML	InternationalForum	UNEP/GPML	UNEP/GPML	UN Environment Programme’s Global Partnership on Marine Litter	Globale Partnerschaft für Meeresmüll des UN-Umweltprogramms	-1.23210	36.81690	UNEP Campus, Nairobi, Kenya	OceanCare has been part of the UN Environment Programme’s Global Partnership on Marine Litter (GPML) since 2014. This global network of government bodies, NGOs, scientific experts, representatives of the private sector and civil society develops solutions to reduce marine plastic pollution.	OceanCare ist seit 2014 Teil der Global Partnership on Marine Litter (GPML) des UN-Umwelt­programms. Dieses weltweite Netzwerk aus Regierungsstellen, NGOs, wissenschaftlichen Experten, Vertreter­innen der Privatwirtschaft und Repräsentanten der Zivilbevölkerung erarbeitet Lösungen zur Reduktion der Plastikverschmutzung im Meer.						PlasticPollution	
UNEPMAP	InternationalForum	UNEP/MAP	UNEP/MAP	Mediterranean Action Plan/Barcelona Convention	Mittelmeer-Aktionsplan/Barcelona-Konvention	37.97241	23.74471	Secretariat in Athens, Greece	In 2019, OceanCare became a partner organisation of the UNEP Mediterranean Action Plan, a framework agreement that addresses marine environmental threats and coordinates the Barcelona Convention as the legal basis for protecting the Mediterranean Sea from pollution.	2019 wurde OceanCare Partnerorganisation des UNEP Mediterranean Action Plan, einer Rahmenvereinbarung, die marine Umweltgefahren adressiert und die Barcelona-Konvention als rechtliche Basis für den Schutz des Mittelmeers vor Verschmutzung koordiniert.						ChemicalPollution	
UNEPUNEA	InternationalForum	UNEP/UNEA	UNEP/UNEA	United Nations Environment Programme/United Nations Environment Assembly	Verwaltungsgremium des UN-Umweltprogramms	-1.23210	36.81690	UNEP Campus, Nairobi, Kenya	In 2015, OceanCare was accredited to the United Nations Environment Programme (UNEP) and its governing body, the United Nations Environment Assembly (UNEA). The UN Environment Programme plays a leading role in global environmental protection. It is the only UN body dedicated exclusively to the environment. With its consistently scientific approach, OceanCare is an important voice within the UNEP Scientific and Technological Community Major Group.	2015 wurde OceanCare für das UN-Umweltprogramm (United Nations Environment Programme, UNEP) und dessen Verwaltungsgremium (United Nations Environment Assembly, UNEA) akkreditiert. Das UN-Umweltprogramm spielt im globalen Umweltschutz eine führende Rolle. Es ist die einzige Einrichtung der Vereinten Nationen, die sich ausschliesslich mit der Umwelt befasst. Mit ihrem konsequent wissenschaftlichen Ansatz ist OceanCare eine wichtige Stimme innerhalb der UNEP Scientific and Technological Community Major Group.	2015					ChemicalPollution, PlasticPollution	
UNFCCC	InternationalForum	UNFCCC	UNFCCC	UN Framework Convention on Climate Change	Klimarahmenkonvention der Vereinten Nationen	50.71938	7.12599	UN Campus, Bonn, Germany	In 2023, OceanCare was accredited by the UN Framework Convention on Climate Change (UNFCCC). The UNFCCC is an international environmental agreement aimed at halting the climate crisis caused by human activities, slowing down global warming and mitigating its consequences.	2023 wurde OceanCare bei der Klimarahmenkonvention der Vereinten Nationen akkreditiert. UNFCCC ist ein internationales Umweltabkommen mit dem Ziel, die von Menschen verursachte Klimakrise zu stoppen, die globale Erwärmung zu verlangsamen und deren Folgen zu mildern.						AdvocacyWork, ClimateProtection, OceanConservation	
UNOC	InternationalForum	UNOC	UNOC	UN Ocean Conference	UN-Ozeankonferenz	40.74944	-73.96806	UN Headquarter, NY	"The UN Ocean Conference is a triennial conference held by the United Nations to support the implementation of Sustainable Development Goal 14 ""Life Below Water"" as part of the 2030 Agenda. OceanCare has attended UNOC since 2017."	"Die UN-Ozeankonferenz (UN Ocean Conference, UNOC) wird von den Vereinten Nationen alle drei Jahre ausgerichtet, um die Umsetzung des Nachhaltigkeitsziels 14 (Sustainable Development Goal 14) ""Leben unter Wasser"" als Teil der Agenda 2030 zu unterstützen. OceanCare nimmt seit 2017 an der UNOC teil."						AdvocacyWork, BecauseOurPlanetIsBlue, OceanConservation	New.
BFFP	Network	Break Free From Plastic	Break Free From Plastic			14.64878	121.04343	Manila, Philippines	In 2016, OceanCare joined this coalition of international organisations committed to reducing plastic pollution and driving systemic change by tackling plastic pollution across the entire value chain. Since 2019, OceanCare has been a core member of BFFP and contributes to both global efforts and its European policy strategy.	2016 wurde OceanCare Teil dieser Koalition aus inter­nationalen Organisationen, die sich für die Reduktion der Plastikverschmutzung und für einen systemischen Wandel einsetzen, indem sie die Plastikverschmutzung über die gesamte Wertschöpfungskette hinweg angehen. Seit 2019 ist OceanCare Kernmitglied von BFFP und arbeitet auf globaler Ebene sowie bei der europäischen Policy-Strategie mit.	2016					OceanConservation, PlasticPollution	
DSCC	Network	Deep Sea Conservation Coalition	Deep Sea Conservation Coalition			52.37309	4.89220	Amsterdam, Netherlands	OceanCare joined the coalition in 2021 as part of its programme to prevent deep-sea mining, with a particular focus on underwater noise. DSCC is committed to protecting sensitive deep-sea ecosystems and preserving biodiversity in the high seas. The Coalition and its members campaign for a global moratorium on deep-sea mining to prevent irreversible ocean damage.	OceanCare trat der Koalition 2021 im Rahmen ihres Programms zur Verhinderung des Tiefseebergbaus bei, mit inhaltlichem Schwerpunkt auf Unterwasserlärm. DSCC engagiert sich für den Schutz der empfindlichen Tiefsee-Ökosysteme und für den Erhalt der biologischen Vielfalt auf hoher See. Die Koalition und ihre Mitglieder setzen sich für ein weltweites Moratorium für den Tiefseebergbau ein, um irreversible Schäden in den Ozeanen zu verhindern.	2021					DeepSeaMining, ISA, OceanConservation, OceanNoisePollution	
FossilFreeOceanInitiative	Network	Fossil-Free Ocean Initiative	Fossil-Free Ocean Initiative			47.229	8.676	Wädenswil, Switzerland	OceanCare has been part of this initiative since 2025, which campaigns to end offshore oil and gas exploration and exploitation.	OceanCare ist seit 2025 Teil dieser Initiative, die sich dafür einsetzt, die Suche und Förderung von Öl und Gas im Meer zu beenden.						ClimateProtection, FossilFuels, OceanConservation, OceanNoisePollution	Sheet said 'Kein Hauptsitz angegeben - deshalb wohl nicht auf Weltkarte abbildbar', but it is on the map today. Coordinates kept from the old ontology -- confirm or drop the pin.
FossilFuelNonProliferationTreaty	Network	Fossil Fuel Treaty Initiative	Fossil Fuel Treaty Initiative			46.2044	6.1432	Geneva, Switzerland	OceanCare joined this initiative in 2025, in which more than 4,000 international organisations are calling for a non-proliferation treaty on fossil fuel.	OceanCare trat dieser Initiative 2025 bei, in der mehr als 4 000 internationale Organisationen einen Nichtverbreitungsvertrag für fossile Brennstoffe fordern.						ClimateProtection, FossilFuels, OceanConservation, OceanNoisePollution	Sheet asked which name is right; the German column's answer, 'Fossil Fuel Treaty Initiative', was used. Same coordinates question as FossilFreeOceanInitiative.
GGGI	Network	Global Ghost Gear Initiative	Global Ghost Gear Initiative			38.90683	-77.04364	Washington DC, USA	In 2019, OceanCare joined the GGGI, which campaigns for lost fishing gear to be recovered and for nets to be marked so that they can be traced back to their owners.	2019 wurde OceanCare Mitglied der GGGI, die sich dafür einsetzt, dass verloren gegangenes Fischereigerät geborgen und Netze gekennzeichnet werden, damit diese den Besitzenden zugeordnet werden können.	2019					Fish, Fisheries, OceanConservation, PlasticPollution	
HSA	Network	High Seas Alliance	High Seas Alliance			52.36563	4.90791	Amsterdam, Netherlands	Since 2011, OceanCare has been part of the High Seas Alliance, whose more than 70 members advocate for the ecologically sound conservation and management of marine areas beyond national jurisdiction.	Seit 2011 ist OceanCare Teil der Allianz zum Schutz der Hochsee, deren mehr als 70 Mitglieder sich für den Schutz und einen ökologischen Umgang mit Meeresgebieten ausserhalb nationaler Gesetzgebungen einsetzen.	2011					OceanConservation, OceanNoisePollution, PlasticPollution	
STRA	Network	Sea Turtle Rescue Alliance	Sea Turtle Rescue Alliance			51.45328	-2.60019	Registered in Bristol, UK	In 2021, OceanCare launched the alliance for the rescue and care of injured sea turtles. Led by Dr Claire Petros, the alliance brings together rescue centres from around the world, which share medical expertise and data with one another.	OceanCare hat 2021 die Allianz zur Rettung und Pflege von verletzten Meeresschildkröten ins Leben gerufen. Unter der Leitung von Dr. Claire Petros kooperieren darin weltweit Rettungszentren, die untereinander medizinisches Fachwissen und Daten austauschen.	2021					AnimalAndSpeciesConservation, RescueActivities, SeaTurtles	
SeasAtRisk	Network	Seas at Risk	Seas at Risk			50.85487	4.36883	Brussels, Belgium	Since 2014, OceanCare has been a member of this alliance of 40 organisations, which advocates effective marine policy in European waters with the aim of improving the protection of marine animals and the living conditions in the oceans.	Seit 2014 ist OceanCare Mitglied dieser Allianz aus 40 Organisationen, die sich für eine griffige Meerespolitik in europäischen Gewässern einsetzt, um den Schutz der Meerestiere und die Lebensbedingungen in den Ozeanen zu verbessern.						BBNJ, OceanConservation	
SpeciesSurvivalNetwork	Network	Species Survival Network	Species Survival Network			38.90536	-77.05044	Washington DC, USA	OceanCare has been a member of SSN since 1997 and is committed to ensuring that endangered animal and plant species are listed and protected under the CITES Appendices I-III. OceanCare is part of the SSN working groups on the protection of polar bears, whales and dolphins, as well as sharks, rays and other fish species.	Seit 1997 ist OceanCare Mitglied von SSN und engagiert sich dafür, dass gefährdete Tier- und Pflanzenarten durch das Artenschutzabkommen CITES geschützt werden. OceanCare ist Teil der SSN-Arbeitsgruppen zum Schutz der Eisbären, der Wale und Delfine sowie der Haie, Rochen und weiterer Fischarten.						AnimalAndSpeciesConservation, DolphinsAndSmallCetaceans, Fish, Manatees, PolarBears, SeaTurtles, Seals, Sharks, Whales	
AlnitakResearchInstitute	PartnerOrganization	Alnitak Research Institute	Alnitak Research Institute			39.76636	2.71522	Sóller, Mallorca, Spain	Alnitak works to tackle the harmful impacts of abandoned, lost and discarded fishing gear in the Mediterranean Sea, with support from OceanCare since 2021. This gear is estimated to account for 46–70% of  marine microplastic litter and can continue trapping and killing marine wildlife long after it has been lost, with sea turtles particularly at risk.	Alnitak setzt sich dafür ein, die schädlichen Auswirkungen von aufgegebenen, verlorenen und entsorgten Fanggeräten im Mittelmeer zu reduzieren, und wird dabei seit 2021 von OceanCare unterstützt. Schätzungen zufolge machen solche Fanggeräte 46–70 % des marinen Mikroplastikmülls aus und können noch lange nach ihrem Verlust Meerestiere fangen und töten, wobei insbesondere Meeresschildkröten gefährdet sind.	2015					AnimalAndSpeciesConservation, CommunityInvolvement, Fish, Fisheries, PlasticPollution, RescueActivities, ResearchExpeditions, ScientificResearch, SeaTurtles, Spain, WesternMediterraneanSea	
BEES	PartnerOrganization	BEES	BEES	Benin Environment and Education Society		6.49650	2.60360	Porto Novo, Benin	Declining fish species and harmful fishing practices threaten marine ecosystems and coastal livelihoods, while scarcity is driving the hunting of protected species such as dolphins, manatees, sharks, and rays for aquatic wild meat. OceanCare has been working with Benin Environment and Education Society (BEES) to promote sustainable solutions in the Gulf of Guinea since 2018.	Rückläufige Fischbestände und zerstörerische Fischereipraktiken bedrohen Meeresökosysteme und die Lebensgrundlagen der Küstengemeinschaften. Gleichzeitig führt die zunehmende Knappheit dazu, dass geschützte Arten wie Delfine, Seekühe, Haie und Rochen als sogenanntes Aquatic Wild Meat gejagt werden. Gemeinsam mit der Benin Environment and Education Society (BEES) setzt sich OceanCare im Golf von Guinea seit 2018 für nachhaltige Lösungen ein.	2019					AbidjanConvention, AnimalAndSpeciesConservation, AquaticWildMeat, Benin, CMSBonnConvention, DolphinsAndSmallCetaceans, Hunting, Manatees, ScientificResearch, SeaTurtles, Sharks	
BritishDiversMarineLifeRescue	PartnerOrganization	BDMLR	BDMLR	British Divers Marine Life Rescue		50.20263	-5.20263	Cornwall, UK	British Divers Marine Life Rescue (BDMLR) rescues and treats marine animals in distress, including disentangling whales and dolphins, assisting stranded animals, and rehabilitating injured seals. OceanCare has supported the organisation since 2019, including the construction of a seal hospital in Cornwall.	British Divers Marine Life Rescue (BDMLR) rettet und versorgt Meerestiere in Not. Dazu gehören die Befreiung von Walen und Delfinen aus Verstrickungen, die Hilfe für gestrandete Meerestiere sowie die Rehabilitation verletzter Robben. OceanCare unterstützt die Arbeit der Organisation seit 2019 und förderte u. a. den Bau einer Robbenklinik in Cornwall.	2012					AnimalAndSpeciesConservation, DolphinsAndSmallCetaceans, RescueActivities, ScientificResearch, Seals, UnitedKingdom, Whales	
CBDHabitat	PartnerOrganization	CBD-Hábitat	CBD-Hábitat			20.83690	-17.06360	Fundación CBD-Habitat – Cabo Blanco Field Station, near Nouadhibou, Mauretania	Since 2005, OceanCare has been supporting the organisation CBD-Hábitat in protecting the last large colony of endangered Mediterranean monk seals at Cabo Blanco in Mauritania, home to around half of the global population. The ‘Costa de las Focas’ Reserve has been monitored year-round and around the clock for 25 years.	Seit 2005 unterstützt OceanCare die Organisation CBD-Hábitat beim Schutz der letzten grossen Kolonie der gefährdeten Mittelmeer-Mönchsrobbe am Cabo Blanco in Mauretanien, wo etwa die Hälfte des weltweiten Bestands lebt. Das Schutzgebiet «Costa de las Focas» wird seit 25 Jahren ganzjährig und rund um die Uhr überwacht.	2005					AnimalAndSpeciesConservation, Mauritania, RescueActivities, Seals, Spain	
CIT	PartnerOrganization	CIT	CIT	Centro para la Investigación de Tiburones		10.48059	-66.90361	Caracas, Venezuela	CIT has made significant progress in Venezuela since 2017: whale shark fishing has effectively ceased and the trade in shark fins has been significantly reduced. In addition, three areas have been designated as Important Shark and Ray Areas (ISRAs). OceanCare has been collaborating with CIT since 2017.	CIT konnte in Venezuela seit 2017 grosse Fortschritte erzielen: Die Walhai-Fischerei ist faktisch zum Erliegen gekommen und der Handel mit Haiflossen wurde stark reduziert. Zudem wurden drei Gebiete als Important Shark and Ray Areas (ISRAs) ausgewiesen. OceanCare unterstützt CIT seit 2017.	2017					AnimalAndSpeciesConservation, DolphinsAndSmallCetaceans, Fisheries, Manatees, RescueActivities, Sharks, Venezuela	
DolphinBiologyAndConservation	PartnerOrganization	Dolphin Biology and Conservation	Dolphin Biology and Conservation			45.98233	12.70265	Cordenons, PN, Italy	Dolphin Biology and Conservation, is committed to preserving marine biodiversity and reducing human impacts on cetaceans in various Mediterranean areas. DBC produces  publications and disseminates science-based information with a focus on factors threatening dolphins and marine life. DBC studies and monitors dolphin populations to assess abundance, detect trends and identify important habitat. OceanCare supports and closely collaborates with DBC since 2007.	Dolphin Biology and Conservation setzt sich für den Erhalt der marinen Biodiversität und die Verringerung menschlicher Einflüsse auf Wale und Delfine in verschiedenen Gebieten des Mittelmeers ein. DBC erforscht Delfinpopulationen, erstellt wissenschaftliche Publikationen und verbreitet fundierte, wissenschaftsbasierte Informationen mit besonderem Fokus auf die Faktoren, die Delfine und andere Meereslebewesen bedrohen. OceanCare unterstützt DBC seit 2007 und arbeitet eng mit der Organisation zusammen.	2018					AnimalAndSpeciesConservation, DolphinsAndSmallCetaceans, Fisheries, Italy, ScientificResearch	
FORTH	PartnerOrganization	FORTH	FORTH	The Foundation for Research and Technology – Hellas		35.32500	25.13060	Heraklion, Crete, Greece	OceanCare plays a pivotal role in the development of SAvE Whales in collaboration with the Pelagos Cetacean Research Institute and the Foundation for Research and Technology - Hellas  (FORTH). SAvE Whales is the world’s first integrated system that can localise sperm whales and inform ship captains of their presence in real time.	OceanCare spielt eine Schlüsselrolle bei der Entwicklung von SAvE Whales in Zusammenarbeit mit dem Pelagos Cetacean Research Institute und der Foundation for Research and Technology - Hellas (FORTH). SAvE Whales ist das weltweit erste Warnsystem, das Pottwale lokalisieren und Schiffskapitän:innen in Echtzeit über die Anwesenheit der Tiere informieren kann.						SAVEWhales, Shipping, Whales	New partner. Its 'Collisions' tag was read as the Shipping topic -- confirm.
GreenBalcans	PartnerOrganization	Green Balkans	Green Balkans			42.13573	24.73194	Plovdiv, Bulgaria	Since 2018, OceanCare has been supporting the research activities of the organisation Green Balkans into the distribution, population trends and threats facing the protected harbour porpoises, bottlenose dolphins and common dolphins in Bulgarian waters.	Seit 2018 unterstützt OceanCare die Forschungstätigkeiten der Organisation Green Balkans zu Verbreitung, Bestandsentwicklung und Bedrohungen der geschützten Schweinswale, Grossen Tümmler und Gewöhnlichen Delfine in bulgarischen Gewässern.						AnimalAndSpeciesConservation, Bulgaria, DolphinsAndSmallCetaceans, ScientificResearch	
IonianDolphinProject	PartnerOrganization	IDP	IDP	Ionian Dolphin Project		38.91630	20.88780	Vonitsa, Greece	The Ionian Dolphin Project (IDP) researches and protects dolphins in three Natura 2000 areas: the Central Ionian Sea, the Ambracian Gulf and the waters around Paxos and Antipaxos. OceanCare has been supporting its work since 2004.	Das Ionian Dolphin Project (IDP) erforscht und schützt Delfine in drei Natura-2000-Gebieten: dem zentralionischen Meer, dem Ambrakischen Golf und den Gewässern um Paxos und Antipaxos. OceanCare unterstützt diese Arbeit seit 2004.						AnimalAndSpeciesConservation, CommunityInvolvement, DolphinsAndSmallCetaceans, EasternMediterraneanSea, Greece, ResearchExpeditions, ScientificResearch, Seals	
LPACalais	PartnerOrganization	LPA Calais	LPA Calais	Ligue de Protection des Animaux du Calaisis		50.96018	1.88591	Calais, France	Since 2018, OceanCare has supported the LPA Calais rehabilitation centre in northern France, where weakened and injured seals are rescued, rehabilitated, and released back into the wild.	Seit 2018 unterstützt OceanCare das Rehabilitationszentrum von LPA Calais in Nordfrankreich, das geschwächte und verletzte Robben aufnimmt, pflegt und wieder auswildert.						AnimalAndSpeciesConservation, RescueActivities, Seals	
Morigenos	PartnerOrganization	Morigenos	Morigenos			45.52883	13.56811	Piran, Slovenia	In Slovenia, OceanCare has supported the Morigenos Dolphin Centre since 2020. It serves as a field station for research projects on the protection of bottlenose dolphins in the Gulf of Trieste, where fishing poses a particular threat.	In Slowenien unterstützt OceanCare das Delfinzentrum von Morigenos seit 2020. Es dient als Feldstation für Forschungsprojekte zum Schutz der Grossen Tümmler im Golf von Triest, wo insbesondere die Fischerei eine Bedrohung darstellt.						AnimalAndSpeciesConservation, DolphinsAndSmallCetaceans, ScientificResearch, Slovenia	
OceanCare	PartnerOrganization	OceanCare	OceanCare			47.22953	8.67306	Wädenswil, Switzerland	OceanCare is an international marine conservation non-governmental organisation, founded in Switzerland in 1989. The organisation pursues the protection and restoration of the marine environment and marine wildlife with a strong policy focus, combining research, conservation projects and education. OceanCare’s remit includes marine pollution, climate change, marine mammal hunting and the environmental consequences of fisheries. Its work is supported by a team of scientific, legal and policy experts, and involves strategic collaboration with civil society organisations and coalitions around the world. OceanCare is an officially accredited partner and observer to several UN conventions and other international fora.	OceanCare ist eine Nichtregierungsorganisation, die sich seit 1989 weltweit für die Wiederherstellung der Meeresumwelt sowie den Schutz der Meerestiere einsetzt. Mit Forschungs- und Schutzprojekten, Umweltbildungskampagnen sowie intensivem Einsatz in internationalen Gremien unternimmt die Organisation konkrete Schritte zur Verbesserung der Lebensbedingungen in den Weltmeeren. OceanCare kümmert sich u. a. um Meeresverschmutzung, Klimawandel, Jagd auf Meeressäuger und Umweltfolgen der Fischerei. Diese Arbeit wird von einem Team mit wissenschaftlicher, juristischer und politischer Expertise unterstützt und umfasst die strategische Zusammenarbeit mit zivilgesellschaftlichen Organisationen und Koalitionen auf der ganzen Welt. OceanCare wurde vom Wirtschafts- und Sozialrat der Vereinten Nationen als Sonderberaterin für den Meeresschutz anerkannt und ist offizielle Partnerorganisation in zahlreichen UN-Abkommen und internationalen Konventionen.	1989	https://www.oceancare.org	https://www.oceancare.org/wp-content/uploads/2022/01/OceanCare_logo.svg			AdvocacyWork, BecauseOurPlanetIsBlue, CommunityInvolvement, ScientificResearch	
OliveRidleyProject	PartnerOrganization	ORP	ORP	Olive Ridley Project		5.01690	73.06170	Baa Atoll, Maldives	OceanCare has supported the Olive Ridley Project (ORP) in the rescue and treatment of, and research into injured sea turtles since 2017. With the establishment of the new Sea Turtle Health Institute, new standards for sea turtle medicine in the Indian Ocean are being set.	OceanCare unterstützt das Olive Ridley Project bei der Rettung, Behandlung und Erforschung verletzter Meeresschildkröten seit 2017. Mit dem neuen Sea Turtle Health Institute werden neue Standards für die Meeresschildkrötenmedizin im Indischen Ozean gesetzt.						AnimalAndSpeciesConservation, AquaticWildMeat, CommunityInvolvement, Hunting, Maldives, RescueActivities, ResearchExpeditions, ScientificResearch, SeaTurtles	
PelagosCetaceanResearchInstitute	PartnerOrganization	Pelagos Cetacean Research Institute	Pelagos Cetacean Research Institute			35.32500	25.13060	Heraklion, Crete, Greece	OceanCare has supported the Pelagos Cetacean Research Institute since 2007 and plays a pivotal role in the development of SAvE Whales in collaboration with the Pelagos Cetacean Research Institute and the Foundation for Research and Technology - Hellas  (FORTH). SAvE Whales is the world’s first integrated system that can localise sperm whales and inform ship captains of their presence in real time.	OceanCare unterstützt das Pelagos Cetacean Research Institute seit 2007 und spielt gemeinsam mit diesem Forschungsinstitut und der Foundation for Research and Technology - Hellas (FORTH) eine Schlüsselrolle bei der Entwicklung von SAvE Whales, dem weltweit ersten Warnsystem, das Pottwale lokalisieren und Schiffskapitän:innen in Echtzeit über die Anwesenheit der Tiere informieren kann.						AnimalAndSpeciesConservation, DolphinsAndSmallCetaceans, ScientificResearch, Whales	
SaveTheMed	PartnerOrganization	Save The Med	Save The Med			39.57	2.65	Mallorca, Spain	Marine conservation NGO protecting the Mediterranean ecosystem.							PlasticPollution, ScientificResearch, Spain	No German name, no description and no coordinates in the sheet. Coordinates are an approximation of Mallorca.
TethysResearchInstitute	PartnerOrganization	Tethys Research Institute	Tethys Research Institute			45.47230	9.17900	Milan, Italy	Tethys Research Institute is a non-profit research organisation supporting marine conservation through science and public awareness with a focus on large marine vertebrates. OceanCare has cooperated with Tethys since 2004 in various areas – most recently as part of the Pelagos Consortium in the north-western Mediterranean Sea, where a PSSA (Particularly Sensitive Sea Area) was adopted by the International Maritime Organization (IMO) in July 2023 and came into force in January 2024. It is the first PSSA to be designated by the IMO explicitly to protect whales from the impact of maritime traffic.	Das Tethys Research Institute ist ein gemeinnütziges Forschungsinstitut mit Fokus auf den Schutz von Waltieren und ihrer Lebensräume. OceanCare arbeitet seit 2004 in verschiedenen Bereichen mit Tethys zusammen – unter anderem im nordwestlichen Mittelmeer, wo die Internationale Seeschifffahrts-Organisation (IMO) im Juli 2023 eine Particularly Sensitive Sea Area (PSSA, «Besonders empfindliches Meeresgebiet») auswies, die im Januar 2024 in Kraft trat. Es ist die erste PSSA der IMO, die ausdrücklich dem Schutz von Walen vor den Auswirkungen des Schiffsverkehrs dient.						AnimalAndSpeciesConservation, CommunityInvolvement, DolphinsAndSmallCetaceans, ResearchExpeditions, ScientificResearch, Whales	
iSeas	PartnerOrganization	iSea	iSea			40.60192	22.95759	Thessaloniki, Greece	iSea works to protect endangered sharks and rays in the Ambracian Gulf in western Greece, an Important Shark and Ray Area and key breeding and nursery ground for several species. Its #zeroplastic campaign also tackles plastic pollution through education and efforts to reduce single-use plastic. OceanCare has supported iSea and both areas of its work since 2019.	iSea setzt sich für den Schutz gefährdeter Haie und Rochen im Ambrakischen Golf im Westen Griechenlands ein, einem als «Important Shark and Ray Area» ausgewiesenen Gebiet, das ein wichtiges Fortpflanzungs- und Aufwuchsgebiet für mehrere Arten ist. Mit der Kampagne #zeroplastic engagiert sich iSea zudem durch Bildungsarbeit und Massnahmen zur Reduktion von Einwegplastik gegen die Plastikverschmutzung. OceanCare unterstützt iSea in beiden Arbeitsbereichen seit 2019.						AnimalAndSpeciesConservation, EasternMediterraneanSea, Greece, PlasticPollution, ScientificResearch, Sharks	
BecauseOurPlanetIsBlue	Project	Because Our Planet Is Blue	Because Our Planet Is Blue			47.22953	8.67306	Wädenswil, Switzerland								BBNJ, DeepSeaMining, Fisheries, FossilFuels, OceanCare, PlasticPollution, Shipping, UNOC	New programme. Its 'Bottom Trawling' tag was read as the Fisheries topic -- confirm. No coordinates in the sheet; placed at the OceanCare office.
SAVEWhales	Project	SAvE Whales	SAvE Whales			35.8428	23.2325	Kythira Strait, Greece	OceanCare enables the development of the SAvE Whales warning system					921		ACCOBAMS, AdvocacyWork, AnimalAndSpeciesConservation, EasternMediterraneanSea, FORTH, Greece, PelagosCetaceanResearchInstitute, ScientificResearch, Shipping	No coordinates in the sheet; placed in the Kythira Strait, where its hydrophone array operates.
